LineID,Stage,DexNum,Parents,Rule,Bedtime,Notes
ver1,Fresh,1411,egg,TIME,20:00,Botamon
ver1,InTraining,1455,1411,TIME,21:00,Koromon
ver1,Rookie,29,1455,CM 0-2,21:00,Agumon
ver1,Rookie,37,1455,CM 3+,22:00,Betamon
ver1,Champion,93,29,"CM 0-2, TR 16+",23:00,Greymon
ver1,Champion,102,29,"CM 0-2, TR 0-15",24:00,Devimon
ver1,Champion,95,29,"CM 3+, TR 16+, OF 3+",22:00,Meramon
ver1,Champion,124,29,"CM 3+, TR 5-15, OF 3+",23:00,Tyrannomon
ver1,Champion,102,37,"CM 0-2, TR 16+",24:00,Devimon (Betamon road)
ver1,Champion,95,37,"CM 0-2, TR 0-15",22:00,Meramon (Betamon road)
ver1,Champion,90,37,"CM 3+, TR 8-15, OF 0-2",23:00,Airdramon
ver1,Champion,110,37,"CM 3+, TR 8-15, OF 3+",23:00,Seadramon
ver1,Champion,116,29;37,CM 3+,21:00,Numemon
ver1,Ultimate,220,93;102;90,WIN 12/15,23:00,MetalGreymon
ver1,Ultimate,237,124;95;110,WIN 12/15,22:00,Mamemon
ver1,Ultimate,192,116,WIN 12/15,23:00,Monzaemon (canon dead end)
ver1,Mega,297,220,CM 0-2,23:00,BlitzGreymon
ver1,Mega,300,237,CM 0-2,24:00,BanchoMamemon
ver1,Mega,399,297,JOGRESS 398,23:00,Omnimon Alter-S (jogress with CresGarurumon; canon Tag Battle capstone)
verX,Fresh,1426,egg,TIME,20:00,Dodomon
verX,InTraining,1479,1426,TIME,20:00,Dorimon
verX,Rookie,41,1479,CM 0-2,21:00,Dorumon
verX,Rookie,829,1479,CM 3+,21:00,Agumon X
verX,Champion,86,41,"CM 0-2, TR 8+",22:00,Dorugamon
verX,Champion,745,41,TIME,21:00,DexDorugamon corrupted catch-all
verX,Champion,851,829,"CM 0-2, LV 2+",22:00,Greymon X
verX,Champion,997,829,TIME,21:00,Numemon X catch-all; punishment leaf
verX,Ultimate,258,86,WIN 12/15,23:00,DoruGreymon
verX,Ultimate,747,745,BTL 10+,23:00,DexDorugreymon feral: fights count wins do not
verX,Ultimate,845,851,"WIN 12/15, KO6 1+",23:00,MetalGreymon X
verX,Mega,330,258,"CM 0-2, KO6 3+, AREA 3",23:00,Alphamon
verX,Mega,329,258,KO6 3+,23:00,Dorugoramon beast road
verX,Mega,746,747,BTL 15+,23:00,DexDorugoramon
verX,Mega,856,845,CM 0-2,23:00,WarGreymon X
verE,Fresh,1410,egg,TIME,20:00,YukimiBotamon
verE,InTraining,1458,1410,TIME,21:00,Nyaromon
verE,Rookie,47,1458,TIME,21:00,Salamon (Plotmon; canon Meicoo line: no requirements)
verE,Champion,386,47,TIME,22:00,Meicoomon
verE,Ultimate,389,386,WIN 12/15,22:00,Meicrackmon (canon: 15 Battles 12-15 Victories)
verE,Mega,392,389,CM 0-2,24:00,Rasielmon
ver2,Fresh,1412,egg,TIME,20:00,Punimon
ver2,InTraining,1459,1412,TIME,21:00,Tsunomon
ver2,Rookie,34,1459,CM 0-2,21:00,Gabumon
ver2,Rookie,43,1459,CM 3+,22:00,Elecmon
ver2,Champion,140,34,"CM 0-2, TR 16+",22:00,Kabuterimon
ver2,Champion,101,34,"CM 0-2, TR 0-15",22:00,Angemon
ver2,Champion,136,34,"CM 3+, TR 16+, OF 3+",23:00,Frigimon (Yukidarumon)
ver2,Champion,108,34,"CM 3+, TR 5-15, OF 3+",23:00,Garurumon
ver2,Champion,101,43,"CM 0-2, TR 16+",22:00,Angemon (Elecmon road)
ver2,Champion,97,43,"CM 0-2, TR 0-15",23:00,Birdramon
ver2,Champion,136,43,"CM 3+, TR 8-15, OF 0-2",23:00,Frigimon (Elecmon road)
ver2,Champion,109,34;43,CM 3+,21:00,Vegimon (canon Whamon slot folds in: corpus stages Whamon as Ultimate)
ver2,Ultimate,195,140;101;97,WIN 12/15,24:00,SkullGreymon
ver2,Ultimate,213,108;136,WIN 12/15,23:00,MetalMamemon (canon also feeds from Whamon: corpus gap)
ver2,Ultimate,199,109,WIN 12/15,23:00,Vademon (canon dead end)
ver2,Mega,290,195,CM 0-2,24:00,SkullMammothmon
ver2,Mega,398,213,CM 0-2,23:00,CresGarurumon
ver2,Mega,399,398,JOGRESS 297,23:00,Omnimon Alter-S (jogress with BlitzGreymon; canon Tag Battle capstone)
ver3,Fresh,1413,egg,TIME,20:00,Poyomon
ver3,InTraining,1456,1413,TIME,21:00,Tokomon
ver3,Rookie,31,1456,CM 0-2,21:00,Patamon
ver3,Rookie,45,1456,CM 3+,22:00,Kunemon
ver3,Champion,98,31,"CM 0-2, TR 16+",22:00,Unimon
ver3,Champion,91,31,"CM 0-2, TR 0-15",24:00,Ogremon
ver3,Champion,121,31,"CM 3+, TR 16+, OF 3+",24:00,Bakemon
ver3,Champion,87,31,"CM 3+, TR 5-15, OF 3+",23:00,Centarumon
ver3,Champion,91,45,"CM 0-2, TR 16+",24:00,Ogremon (Kunemon road)
ver3,Champion,106,45,"CM 0-2, TR 0-15",22:00,Shellmon
ver3,Champion,121,45,"CM 3+, TR 8-15, OF 0-2",24:00,Bakemon (Kunemon road)
ver3,Champion,122,45,"CM 3+, TR 16+, OF 3+",22:00,Drimogemon
ver3,Champion,117,31;45,CM 3+,21:00,Sukamon
ver3,Ultimate,191,98;91;106,WIN 12/15,24:00,Andromon
ver3,Ultimate,238,87;121;122,WIN 12/15,24:00,Giromon (canon dead end)
ver3,Ultimate,194,117,WIN 12/15,24:00,Etemon
ver3,Mega,296,191,CM 0-2,24:00,HiAndromon
ver3,Mega,397,194,CM 0-2,24:00,KingEtemon
ver4,Fresh,1414,egg,TIME,20:00,Yuramon
ver4,InTraining,1461,1414,TIME,21:00,Tanemon
ver4,Rookie,46,1461,CM 0-2,21:00,Biyomon
ver4,Rookie,44,1461,CM 3+,22:00,Palmon
ver4,Champion,125,46,"CM 0-2, TR 16+",22:00,Monochromon
ver4,Champion,104,46,"CM 0-2, TR 0-15",22:00,Leomon
ver4,Champion,120,46,"CM 3+, TR 16+, OF 3+",23:00,Kuwagamon
ver4,Champion,123,46,"CM 3+, TR 5-15, OF 3+",22:00,Kokatorimon
ver4,Champion,104,44,"CM 0-2, TR 16+",22:00,Leomon (Palmon road)
ver4,Champion,88,44,"CM 0-2, TR 0-15",24:00,Coelamon
ver4,Champion,120,44,"CM 3+, TR 8-15, OF 0-2",23:00,Kuwagamon (Palmon road)
ver4,Champion,135,44,"CM 3+, TR 16+, OF 3+",24:00,Mojyamon
ver4,Champion,118,46;44,CM 3+,21:00,Nanimon
ver4,Ultimate,210,125;104;88,WIN 12/15,23:00,Megadramon
ver4,Ultimate,196,123;120;135,WIN 12/15,22:00,Piximon (Piccolomon) (canon dead end)
ver4,Ultimate,198,118,WIN 12/15,24:00,Eggmon
ver4,Mega,396,210,CM 0-2,24:00,Aegisdramon
ver4,Mega,395,198,CM 0-2,24:00,Titamon
ver4,Mega,393,396,JOGRESS 276,24:00,RustTyrannomon (jogress with Machinedramon; canon Tag Battle capstone)
ver5,Fresh,1415,egg,TIME,20:00,Zurumon
ver5,InTraining,1457,1415,TIME,21:00,Pagumon
ver5,Rookie,33,1457,CM 0-2,23:00,Gazimon
ver5,Rookie,35,1457,CM 3+,23:00,Gizamon (canon; Shamamon was never Ver.5)
ver5,Champion,129,33,"CM 0-2, TR 16+",24:00,DarkTyrannomon
ver5,Champion,94,33,"CM 0-2, TR 0-15",24:00,Devidramon
ver5,Champion,114,33,"CM 3+, TR 16+, OF 3+",24:00,Tuskmon
ver5,Champion,115,33,"CM 3+, TR 5-15, OF 3+",24:00,Cyclomon
ver5,Champion,94,35,"CM 0-2, TR 16+",24:00,Devidramon (Gizamon road)
ver5,Champion,148,35,"CM 0-2, TR 0-15",24:00,Flymon
ver5,Champion,114,35,"CM 3+, TR 8-15, OF 0-2",24:00,Tuskmon (Gizamon road)
ver5,Champion,111,35,"CM 3+, TR 16+, OF 3+",24:00,Deltamon
ver5,Champion,112,33;35,CM 3+,21:00,Raremon
ver5,Ultimate,214,129;94;148,WIN 12/15,24:00,MetalTyrannomon
ver5,Ultimate,197,115;114;111,WIN 12/15,24:00,Datamon (Nanomon) (canon dead end)
ver5,Ultimate,239,112,WIN 12/15,24:00,ExTyrannomon
ver5,Mega,276,214,CM 0-2,24:00,Machinedramon (Mugendramon)
ver5,Mega,277,239,CM 0-2,22:00,Puppetmon (Pinochimon)
ver5,Mega,393,276,JOGRESS 396,24:00,RustTyrannomon (jogress with Aegisdramon; canon Tag Battle capstone)
sakumon,Fresh,1444,egg,TIME,20:00,Sakumon
sakumon,InTraining,1499,1444,TIME,21:00,Sakuttomon
sakumon,Rookie,67,1499,CM 0-2,22:00,Zubamon
sakumon,Rookie,66,1499,CM 3+,22:00,Hackmon
sakumon,Champion,161,67;66,"CM 0-2, TR 16+",23:00,Zubaeagermon
sakumon,Champion,160,67;66,"CM 0-2, TR 0-15",23:00,BaoHackmon
sakumon,Champion,116,67;66,TIME,21:00,Numemon
sakumon,Ultimate,369,161,WIN 12/15,24:00,Duramon
sakumon,Ultimate,371,160,WIN 12/15,24:00,SaviorHackmon
sakumon,Ultimate,1554,116,WIN 12/15,23:00,Chaperomon
sakumon,Mega,370,369,CM 0-2,24:00,Durandamon
sakumon,Mega,372,371,CM 0-2,24:00,Jesmon
sakumon,Mega,1555,1554,CM 0-2,23:00,Cendrillmon
pichimon,Fresh,1417,egg,TIME,20:00,Pichimon
pichimon,InTraining,16,1417,CM 0-2,21:00,Tsunomon
pichimon,InTraining,1463,1417,TIME,21:00,Bukamon
pichimon,Rookie,450,16,TIME,22:00,Bearmon
pichimon,Rookie,385,1463,TIME,22:00,Lunamon
pichimon,Champion,445,450,TIME,23:00,Dobermon
pichimon,Champion,388,385,TIME,23:00,Lekismon
pichimon,Ultimate,424,445,WIN 12/15,23:00,Volcamon
pichimon,Ultimate,391,388,WIN 12/15,23:00,Crescemon
pichimon,Mega,394,424,CM 0-2,23:00,Apollomon
pichimon,Mega,377,391,CM 0-2,24:00,Dianamon
mokumon,Fresh,1418,egg,TIME,20:00,Mokumon
mokumon,InTraining,23,1418,TIME,21:00,Kapurimon
mokumon,Rookie,669,23,CM 0-2,21:00,Ekakimon
mokumon,Rookie,28,23,CM 3+,21:00,Gotsumon
mokumon,Champion,456,669,"CM 0-2, TR 16+",22:00,Kogamon
mokumon,Champion,807,669,"CM 0-2, TR 0-15",22:00,Rockmon
mokumon,Champion,117,669,TIME,21:00,Sukamon
mokumon,Champion,113,28,"CM 0-2, TR 16+",22:00,Tortamon
mokumon,Champion,134,28,"CM 0-2, TR 0-15",22:00,Tankmon
mokumon,Champion,117,28,TIME,21:00,Sukamon
mokumon,Ultimate,217,456;134,WIN 12/15,23:00,SkullMeramon
mokumon,Ultimate,265,807,WIN 12/15,23:00,SuperStarmon
mokumon,Ultimate,778,117,WIN 12/15,23:00,KingSukamon
mokumon,Ultimate,229,113,WIN 12/15,23:00,Zudomon
mokumon,Mega,310,217,CM 0-2,23:00,Beelzemon
mokumon,Mega,286,265,CM 0-2,23:00,HerculesKabuterimon
mokumon,Mega,1555,778,CM 0-2,23:00,Cendrillmon
mokumon,Mega,301,229,CM 0-2,23:00,Vikemon
nyokimon,Fresh,1419,egg,TIME,20:00,Nyokimon
nyokimon,InTraining,903,1419,TIME,21:00,Budmon
nyokimon,Rookie,38,903,CM 0-2,21:00,ToyAgumon
nyokimon,Rookie,42,903,CM 3+,21:00,Hagurumon
nyokimon,Champion,89,38,"CM 0-2, BTL 4+",22:00,Guardromon
nyokimon,Champion,92,38,CM 0-2,22:00,Flarerizamon
nyokimon,Champion,116,38,TIME,21:00,Numemon
nyokimon,Champion,89,42,"CM 0-2, BTL 4+",22:00,Guardromon
nyokimon,Champion,133,42,CM 0-2,22:00,Mechanorimon
nyokimon,Champion,116,42,TIME,21:00,Numemon
nyokimon,Ultimate,419,89,BTL 12+,23:00,CatchMamemon
nyokimon,Ultimate,227,92,BTL 12+,23:00,Triceramon
nyokimon,Ultimate,192,116,BTL 12+,23:00,Monzaemon
nyokimon,Ultimate,791,133,BTL 12+,23:00,Valvemon
nyokimon,Mega,344,419,KO6 2+,23:00,PrinceMamemon
nyokimon,Mega,304,227,KO6 2+,23:00,Imperialdramon
nyokimon,Mega,305,192,KO6 2+,23:00,Cherubimon
nyokimon,Mega,594,791,KO6 2+,23:00,Quartzmon
choromon,Fresh,1420,egg,TIME,20:00,Choromon
choromon,InTraining,19,1420,TIME,21:00,Motimon
choromon,Rookie,48,19,CM 0-2,21:00,Tentomon
choromon,Rookie,72,19,CM 3+,21:00,Lalamon
choromon,Champion,112,48,"CM 0-2, BTL 4+",21:00,Raremon
choromon,Champion,131,48,CM 0-2,22:00,Woodmon
choromon,Champion,118,48,TIME,21:00,Nanimon
choromon,Champion,131,72,"CM 0-2, BTL 4+",22:00,Woodmon
choromon,Champion,665,72,CM 0-2,22:00,Shortmon
choromon,Champion,118,72,TIME,21:00,Nanimon
choromon,Ultimate,421,112,BTL 12+,23:00,SkullSatamon
choromon,Ultimate,228,131,BTL 12+,23:00,Okuwamon
choromon,Ultimate,1222,118,BTL 12+,23:00,Vademon X
choromon,Ultimate,795,665,BTL 12+,23:00,Weddinmon
choromon,Mega,328,421;228,KO6 2+,23:00,Diaboromon
choromon,Mega,373,1222,KO6 2+,23:00,Ebemon
choromon,Mega,285,795,KO6 2+,23:00,Rosemon
kuramon,Fresh,1421,egg,TIME,20:00,Kuramon
kuramon,InTraining,401,1421,TIME,21:00,Arkadimon II
kuramon,Rookie,80,401,CM 0-2,21:00,Psychemon
kuramon,Rookie,36,401,CM 3+,21:00,Tsukaimon
kuramon,Champion,363,80,"CM 0-2, TR 16+",22:00,NiseDrimogemon
kuramon,Champion,152,80,"CM 0-2, TR 0-15",22:00,Ankylomon
kuramon,Champion,117,80,TIME,21:00,Sukamon
kuramon,Champion,90,36,"CM 0-2, TR 16+",23:00,Airdramon
kuramon,Champion,99,36,"CM 0-2, TR 0-15",22:00,Wizarmon
kuramon,Champion,117,36,TIME,21:00,Sukamon
kuramon,Ultimate,261,363;152,WIN 12/15,23:00,Meteormon
kuramon,Ultimate,778,117,WIN 12/15,23:00,KingSukamon
kuramon,Ultimate,642,90,WIN 12/15,23:00,Sinduramon
kuramon,Ultimate,260,99,WIN 12/15,23:00,Lucemon FM
kuramon,Mega,597,261,CM 0-2,23:00,Lampmon
kuramon,Mega,319,778,CM 0-2,23:00,PlatinumNumemon
kuramon,Mega,292,642,CM 0-2,23:00,Phoenixmon
kuramon,Mega,302,260,CM 0-2,23:00,Seraphimon
chibickmon,Fresh,1422,egg,TIME,20:00,Chibickmon
chibickmon,InTraining,679,1422,TIME,21:00,Kozenimon
chibickmon,Rookie,682,679,CM 0-2,21:00,Dondokomon
chibickmon,Rookie,66,679,CM 3+,22:00,Hackmon
chibickmon,Champion,837,682,"CM 0-2, TR 16+",22:00,Damemon
chibickmon,Champion,159,682,"CM 0-2, TR 0-15",22:00,ShellNumemon
chibickmon,Champion,116,682,TIME,21:00,Numemon
chibickmon,Champion,125,66,"CM 0-2, TR 16+",22:00,Monochromon
chibickmon,Champion,153,66,"CM 0-2, TR 0-15",22:00,XVeemon
chibickmon,Champion,116,66,TIME,21:00,Numemon
chibickmon,Ultimate,852,837,WIN 12/15,23:00,ChoHakkaimon
chibickmon,Ultimate,482,159,WIN 12/15,23:00,Shawjinmon
chibickmon,Ultimate,192,116,WIN 12/15,23:00,Monzaemon
chibickmon,Ultimate,365,125,WIN 12/15,23:00,Vermilimon
chibickmon,Ultimate,625,153,WIN 12/15,23:00,Brachimon
chibickmon,Mega,335,852;482,CM 0-2,23:00,Craniumon
chibickmon,Mega,307,192,CM 0-2,23:00,Sakuyamon
chibickmon,Mega,285,365,CM 0-2,23:00,Rosemon
chibickmon,Mega,309,625,CM 0-2,23:00,MegaGargomon
tsubumon,Fresh,1423,egg,TIME,20:00,Tsubumon
tsubumon,InTraining,17,1423,TIME,21:00,Gigimon
tsubumon,Rookie,30,17,CM 0-2,21:00,Candlemon
tsubumon,Rookie,40,17,CM 3+,21:00,Guilmon
tsubumon,Champion,665,30,"CM 0-2, BTL 4+",22:00,Shortmon
tsubumon,Champion,96,30,CM 0-2,22:00,ShimaUnimon
tsubumon,Champion,118,30,TIME,21:00,Nanimon
tsubumon,Champion,85,40,"CM 0-2, BTL 4+",22:00,Growmon
tsubumon,Champion,144,40,CM 0-2,22:00,Veedramon
tsubumon,Champion,118,40,TIME,21:00,Nanimon
tsubumon,Ultimate,795,665,BTL 12+,23:00,Weddinmon
tsubumon,Ultimate,195,96;85;144,BTL 12+,24:00,SkullGreymon
tsubumon,Ultimate,1222,118,BTL 12+,23:00,Vademon X
tsubumon,Mega,711,795,KO6 2+,23:00,QueenChessmon
tsubumon,Mega,345,195,KO6 2+,23:00,Chaosdramon
tsubumon,Mega,602,1222,KO6 2+,23:00,Babamon
pururumon,Fresh,1424,egg,TIME,20:00,Pururumon
pururumon,InTraining,979,1424,TIME,21:00,TorikaraBallmon
pururumon,Rookie,790,979,CM 0-2,21:00,Chuchumon
pururumon,Rookie,73,979,CM 3+,21:00,Chuumon
pururumon,Champion,165,790,TR 16+,22:00,PlatinumSukamon
pururumon,Champion,189,790,TR 5-15,22:00,Youkomon
pururumon,Champion,117,790,TIME,21:00,Sukamon
pururumon,Champion,165,73,TR 16+,22:00,PlatinumSukamon
pururumon,Champion,166,73,TR 5-15,22:00,Geremon
pururumon,Champion,117,73,TIME,21:00,Sukamon
pururumon,Ultimate,625,165;166,WIN 12/15,23:00,Brachimon
pururumon,Ultimate,247,189,WIN 12/15,23:00,Taomon
pururumon,Ultimate,252,117,WIN 12/15,23:00,BlackKingNumemon
pururumon,Mega,309,625,"CM 0-2, TR 10+",23:00,MegaGargomon
pururumon,Mega,303,247,"CM 0-2, TR 10+",23:00,Ophanimon
pururumon,Mega,1355,252,"CM 0-2, TR 10+",23:00,Cthyllamon
puttimon,Fresh,1427,egg,TIME,20:00,Puttimon
puttimon,InTraining,900,1427,TIME,21:00,Moonmon
puttimon,Rookie,61,900,CM 0-2,21:00,Lopmon
puttimon,Rookie,385,900,CM 3+,24:00,Lunamon
puttimon,Champion,144,61,"CM 0-2, BTL 4+",22:00,Veedramon
puttimon,Champion,154,61,CM 0-2,22:00,Gargomon
puttimon,Champion,118,61,TIME,21:00,Nanimon
puttimon,Champion,136,385,"CM 0-2, BTL 4+",23:00,Frigimon
puttimon,Champion,150,385,CM 0-2,23:00,Coredramon
puttimon,Champion,118,385,TIME,21:00,Nanimon
puttimon,Ultimate,214,144,BTL 12+,24:00,MetalTyrannomon
puttimon,Ultimate,243,154,BTL 12+,23:00,Andiramon
puttimon,Ultimate,199,118;136,BTL 12+,23:00,Vademon
puttimon,Ultimate,272,150,BTL 12+,23:00,WarGrowmon
puttimon,Mega,311,214,KO6 2+,23:00,UlforceVeedramon
puttimon,Mega,341,243,KO6 2+,23:00,Lilithmon
puttimon,Mega,650,199,KO6 2+,23:00,Parallelmon
puttimon,Mega,299,272,KO6 2+,23:00,WarGreymon
kiimon,Fresh,1428,egg,TIME,20:00,Kiimon
kiimon,InTraining,1481,1428,TIME,21:00,Yaamon
kiimon,Rookie,870,1481,CM 0-2,21:00,Gomamon X
kiimon,Rookie,871,1481,CM 3+,21:00,Herissmon
kiimon,Champion,107,870,"CM 0-2, BTL 4+",22:00,Ikkakumon
kiimon,Champion,593,870,CM 0-2,22:00,Chakmon
kiimon,Champion,997,870,TIME,22:00,Numemon X
kiimon,Champion,110,871,"CM 0-2, BTL 4+",23:00,Seadramon
kiimon,Champion,411,871,CM 0-2,22:00,Sangloupmon
kiimon,Champion,117,871,TIME,21:00,Sukamon
kiimon,Ultimate,249,107,BTL 12+,23:00,Rapidmon
kiimon,Ultimate,205,593,BTL 12+,23:00,MarineDevimon
kiimon,Ultimate,905,997,BTL 12+,23:00,Stefilmon
kiimon,Ultimate,367,110,BTL 12+,23:00,WaruSeadramon
kiimon,Ultimate,425,411,BTL 12+,23:00,Matadormon
kiimon,Ultimate,252,117,BTL 12+,23:00,BlackKingNumemon
kiimon,Mega,327,249,KO6 2+,23:00,Sleipmon
kiimon,Mega,340,205;367,KO6 2+,23:00,Leviamon
kiimon,Mega,366,905,KO6 2+,23:00,GigaSeadramon
kiimon,Mega,430,425,KO6 2+,23:00,GranDracmon
kiimon,Mega,1355,252,KO6 2+,23:00,Cthyllamon
dokimon,Fresh,1429,egg,TIME,20:00,Dokimon
dokimon,InTraining,890,1429,TIME,21:00,Wanyamon
dokimon,Rookie,71,890,CM 0-2,21:00,Gaomon
dokimon,Rookie,450,890,CM 3+,21:00,Bearmon
dokimon,Champion,104,71,"CM 0-2, TR 16+",22:00,Leomon
dokimon,Champion,145,71,"CM 0-2, TR 0-15",22:00,Togemon
dokimon,Champion,118,71,TIME,21:00,Nanimon
dokimon,Champion,104,450,"CM 0-2, TR 16+",22:00,Leomon
dokimon,Champion,130,450,"CM 0-2, TR 0-15",22:00,Kiwimon
dokimon,Champion,118,450,TIME,21:00,Nanimon
dokimon,Ultimate,263,104;130,WIN 12/15,23:00,GrapLeomon
dokimon,Ultimate,218,145,WIN 12/15,23:00,Lilymon
dokimon,Ultimate,1222,118,WIN 12/15,23:00,Vademon X
dokimon,Mega,333,263,CM 0-2,23:00,Dynasmon
dokimon,Mega,374,218,CM 0-2,23:00,Lotusmon
dokimon,Mega,508,374,JOGRESS 285,23:00,Rafflesimon
dokimon,Mega,1316,1222,CM 0-2,23:00,Ebemon X
chibomon,Fresh,1430,egg,TIME,20:00,Chibomon
chibomon,InTraining,1483,1430,TIME,21:00,DemiVeemon
chibomon,Rookie,39,1483,CM 0-2,21:00,Penguinmon
chibomon,Rookie,52,1483,CM 3+,21:00,Syakomon
chibomon,Champion,812,39,TR 16+,22:00,Akatorimon
chibomon,Champion,105,39,TR 5-15,22:00,Octomon
chibomon,Champion,117,39,TIME,21:00,Sukamon
chibomon,Champion,105,52,TR 16+,22:00,Octomon
chibomon,Champion,128,52,TR 5-15,22:00,Gesomon
chibomon,Champion,117,52,TIME,21:00,Sukamon
chibomon,Ultimate,642,812,WIN 12/15,23:00,Sinduramon
chibomon,Ultimate,235,105,WIN 12/15,23:00,Blossomon
chibomon,Ultimate,778,117,WIN 12/15,23:00,KingSukamon
chibomon,Ultimate,880,128,WIN 12/15,23:00,MarinChimairamon
chibomon,Mega,428,642,"CM 0-2, TR 10+",23:00,Valdurmon
chibomon,Mega,463,235,"CM 0-2, TR 10+",23:00,Ceresmon
chibomon,Mega,319,778,"CM 0-2, TR 10+",23:00,PlatinumNumemon
chibomon,Mega,1565,880,"CM 0-2, TR 10+",23:00,Skadimon
ketomon,Fresh,1433,egg,TIME,20:00,Ketomon
ketomon,InTraining,945,1433,TIME,21:00,Kyokyomon
ketomon,Rookie,406,945,CM 0-2,21:00,Ryudamon
ketomon,Rookie,835,945,CM 3+,21:00,Guilmon X
ketomon,Champion,153,406,"CM 0-2, TR 16+",22:00,XVeemon
ketomon,Champion,158,406,"CM 0-2, TR 0-15",23:00,Coredramon
ketomon,Champion,997,406,TIME,22:00,Numemon X
ketomon,Champion,833,835,"CM 0-2, TR 16+",22:00,Tyrannomon X
ketomon,Champion,834,835,"CM 0-2, TR 0-15",22:00,Growmon X
ketomon,Champion,997,835,TIME,22:00,Numemon X
ketomon,Ultimate,220,153,WIN 12/15,23:00,MetalGreymon
ketomon,Ultimate,272,158,WIN 12/15,23:00,WarGrowmon
ketomon,Ultimate,923,997,WIN 12/15,23:00,JagerLoweemon
ketomon,Ultimate,853,833;834,WIN 12/15,23:00,MetalTyrannomon X
ketomon,Mega,347,220,CM 0-2,23:00,VictoryGreymon
ketomon,Mega,352,272,CM 0-2,23:00,ChaosGallantmon
ketomon,Mega,634,923,CM 0-2,23:00,Bagramon
ketomon,Mega,393,853,CM 0-2,24:00,RustTyrannomon
leafmon,Fresh,1434,egg,TIME,20:00,Leafmon
leafmon,InTraining,959,1434,TIME,21:00,Puroromon
leafmon,Rookie,358,959,CM 0-2,21:00,Dokunemon
leafmon,Rookie,404,959,CM 3+,21:00,Fanbeemon
leafmon,Champion,127,358,"CM 0-2, TR 16+",22:00,Dokugumon
leafmon,Champion,148,358,"CM 0-2, TR 0-15",24:00,Flymon
leafmon,Champion,116,358,TIME,21:00,Numemon
leafmon,Champion,156,404,"CM 0-2, TR 16+",22:00,Stingmon
leafmon,Champion,184,404,"CM 0-2, TR 0-15",22:00,Waspmon
leafmon,Champion,997,404,TIME,22:00,Numemon X
leafmon,Ultimate,259,127;156,WIN 12/15,23:00,Infermon
leafmon,Ultimate,266,148;184,WIN 12/15,23:00,CannonBeemon
leafmon,Ultimate,192,116,WIN 12/15,23:00,Monzaemon
leafmon,Ultimate,1223,997,WIN 12/15,23:00,Myotismon X
leafmon,Mega,427,259,CM 0-2,23:00,Arkadimon VI
leafmon,Mega,376,266,CM 0-2,23:00,TigerVespamon
leafmon,Mega,1348,192,CM 0-2,23:00,ShinMonzaemon
leafmon,Mega,615,1223,CM 0-2,23:00,MetalPiranimon
petitmon,Fresh,1437,egg,TIME,20:00,Petitmon
petitmon,InTraining,1492,1437,TIME,21:00,Babydmon
petitmon,Rookie,57,1492,TIME,23:00,Dracomon
petitmon,Champion,150,57,"CM 0-2, TR 16+",23:00,Coredramon (Blue)
petitmon,Champion,158,57,TIME,23:00,Coredramon (Green)
petitmon,Ultimate,242,150,WIN 12/15,24:00,Wingdramon
petitmon,Ultimate,250,158,WIN 12/15,24:00,Groundramon
petitmon,Mega,315,242,CM 0-2,24:00,Slayerdramon
petitmon,Mega,316,250,CM 0-2,24:00,Breakdramon
zerimon,Fresh,1445,egg,TIME,20:00,Zerimon
zerimon,InTraining,20,1445,TIME,21:00,Bukamon
zerimon,Rookie,35,20,CM 0-2,23:00,Gizamon
zerimon,Rookie,50,20,CM 3+,21:00,Gomamon
zerimon,Champion,111,35,TR 16+,24:00,Deltamon
zerimon,Champion,137,35,TR 5-15,22:00,Ebidramon
zerimon,Champion,117,35,TIME,21:00,Sukamon
zerimon,Champion,137,50,TR 16+,22:00,Ebidramon
zerimon,Champion,542,50,TR 5-15,22:00,Tylomon
zerimon,Champion,117,50,TIME,21:00,Sukamon
zerimon,Ultimate,1519,111,WIN 12/15,23:00,Cargodramon
zerimon,Ultimate,880,137,WIN 12/15,23:00,MarinChimairamon
zerimon,Ultimate,252,117,WIN 12/15,23:00,BlackKingNumemon
zerimon,Ultimate,235,542,WIN 12/15,23:00,Blossomon
zerimon,Mega,860,1519,"CM 0-2, TR 10+",23:00,MetalGarurumon X
zerimon,Mega,1565,880,"CM 0-2, TR 10+",23:00,Skadimon
zerimon,Mega,1355,252,"CM 0-2, TR 10+",23:00,Cthyllamon
zerimon,Mega,342,235,"CM 0-2, TR 10+",23:00,Barbamon
cocomon,Fresh,1446,egg,TIME,20:00,Cocomon
cocomon,InTraining,1501,1446,TIME,21:00,Chocomon
cocomon,Rookie,487,1501,CM 0-2,21:00,Phascomon
cocomon,Rookie,1065,1501,CM 3+,21:00,Lopmon X
cocomon,Champion,490,487,"CM 0-2, TR 16+",22:00,Porcupamon
cocomon,Champion,493,487,"CM 0-2, TR 0-15",22:00,Troopmon
cocomon,Champion,116,487,TIME,21:00,Numemon
cocomon,Champion,1027,1065,"CM 0-2, TR 16+",22:00,Gatomon X
cocomon,Champion,1028,1065,"CM 0-2, TR 0-15",22:00,Wizarmon X
cocomon,Champion,116,1065,TIME,21:00,Numemon
cocomon,Ultimate,499,490,WIN 12/15,23:00,Astamon
cocomon,Ultimate,447,493,WIN 12/15,23:00,Tankdramon
cocomon,Ultimate,192,116,WIN 12/15,23:00,Monzaemon
cocomon,Ultimate,854,1027,WIN 12/15,23:00,Lilymon X
cocomon,Ultimate,988,1028,WIN 12/15,23:00,Mamemon X
cocomon,Mega,435,499,CM 0-2,23:00,Megidramon
cocomon,Mega,302,447,CM 0-2,23:00,Seraphimon
cocomon,Mega,301,192,CM 0-2,23:00,Vikemon
cocomon,Mega,857,854,CM 0-2,23:00,Sakuyamon X
cocomon,Mega,631,988,CM 0-2,23:00,Metallicdramon
fufumon,Fresh,1447,egg,TIME,20:00,Fufumon
fufumon,InTraining,929,1447,TIME,21:00,Dorimon
fufumon,Rookie,58,929,CM 0-2,21:00,Armadimon
fufumon,Rookie,405,929,CM 3+,21:00,Monodramon
fufumon,Champion,134,58,"CM 0-2, TR 16+",22:00,Tankmon
fufumon,Champion,410,58,"CM 0-2, TR 0-15",22:00,Golemon
fufumon,Champion,117,58,TIME,21:00,Sukamon
fufumon,Champion,412,405,"CM 0-2, TR 16+",22:00,Strikedramon
fufumon,Champion,414,405,"CM 0-2, TR 0-15",22:00,Raptordramon
fufumon,Champion,117,405,TIME,21:00,Sukamon
fufumon,Ultimate,609,134,WIN 12/15,23:00,Tinmon
fufumon,Ultimate,424,410,WIN 12/15,23:00,Volcamon
fufumon,Ultimate,778,117,WIN 12/15,23:00,KingSukamon
fufumon,Ultimate,390,412,WIN 12/15,22:00,Flaremon
fufumon,Ultimate,479,414,WIN 12/15,23:00,MetalPhantomon
fufumon,Mega,296,609,CM 0-2,24:00,HiAndromon
fufumon,Mega,394,424;390,CM 0-2,23:00,Apollomon
fufumon,Mega,319,778,CM 0-2,23:00,PlatinumNumemon
fufumon,Mega,614,479,CM 0-2,23:00,Reapermon
cotsucomon,Fresh,1448,egg,TIME,20:00,Cotsucomon
cotsucomon,InTraining,961,1448,TIME,21:00,Missimon
cotsucomon,Rookie,403,961,CM 0-2,21:00,Dracmon
cotsucomon,Rookie,444,961,CM 3+,21:00,Commandramon
cotsucomon,Champion,142,403,"CM 0-2, TR 16+",22:00,Gekomon
cotsucomon,Champion,181,403,"CM 0-2, TR 0-15",22:00,Soulmon
cotsucomon,Champion,997,403,TIME,22:00,Numemon X
cotsucomon,Champion,777,444,"CM 0-2, TR 16+",22:00,Snatchmon
cotsucomon,Champion,445,444,"CM 0-2, TR 0-15",22:00,Dobermon
cotsucomon,Champion,116,444,TIME,21:00,Numemon
cotsucomon,Ultimate,228,142,WIN 12/15,23:00,Okuwamon
cotsucomon,Ultimate,479,181,WIN 12/15,23:00,MetalPhantomon
cotsucomon,Ultimate,1310,997,WIN 12/15,23:00,Okuwamon X
cotsucomon,Ultimate,744,777,WIN 12/15,23:00,Destromon
cotsucomon,Ultimate,448,445,WIN 12/15,23:00,Cerberumon
cotsucomon,Ultimate,1554,116,WIN 12/15,23:00,Chaperomon
cotsucomon,Mega,1553,228,CM 0-2,23:00,Zephagamon
cotsucomon,Mega,614,479,CM 0-2,23:00,Reapermon
cotsucomon,Mega,1094,1310,CM 0-2,23:00,Rosemon X
cotsucomon,Mega,751,744,CM 0-2,23:00,Ragnamon
cotsucomon,Mega,1104,448,CM 0-2,23:00,Plutomon
cotsucomon,Mega,1031,1554,CM 0-2,23:00,NoblePumpmon
algomoni,Fresh,1449,egg,TIME,20:00,Algomon I
algomoni,InTraining,383,1449,TIME,21:00,Tsumemon
algomoni,Rookie,792,383,CM 0-2,21:00,Vemmon
algomoni,Rookie,74,383,CM 3+,21:00,Keramon
algomoni,Champion,174,792,"CM 0-2, BTL 4+",22:00,Chrysalimon
algomoni,Champion,407,792,CM 0-2,22:00,Arkadimon IV
algomoni,Champion,117,792,TIME,21:00,Sukamon
algomoni,Champion,174,74,"CM 0-2, BTL 4+",22:00,Chrysalimon
algomoni,Champion,407,74,CM 0-2,22:00,Arkadimon IV
algomoni,Champion,117,74,TIME,21:00,Sukamon
algomoni,Ultimate,416,174;407,BTL 12+,23:00,Arkadimon V
algomoni,Ultimate,199,117,BTL 12+,23:00,Vademon
algomoni,Mega,865,416,KO6 2+,23:00,Diaboromon X
algomoni,Mega,373,199,KO6 2+,23:00,Ebemon
ver6,Fresh,1574,egg,TIME,20:00,Bubbmon
ver6,InTraining,19,1574,TIME,21:00,Motimon
ver6,Rookie,48,19,CM 0-3,21:00,Tentomon
ver6,Rookie,49,19,CM 4+,21:00,Otamamon
ver6,Champion,140,48,"CM 0-3, TR 48+",22:00,Kabuterimon
ver6,Champion,141,48,"CM 4+, TR 5-31, OF 3+",22:00,Starmon
ver6,Champion,113,48,"CM 0-3, TR 0-47",22:00,Tortamon
ver6,Champion,120,48,"CM 4+, TR 32+, OF 3+",23:00,Kuwagamon
ver6,Champion,142,48,"CM 4+, TR 0-4 | CM 4+, OF 0-2",22:00,Gekomon (SD roads folded)
ver6,Champion,113,49,"CM 0-3, TR 48+",22:00,Tortamon (Otamamon road)
ver6,Champion,120,49,"CM 4+, TR 8-31, OF 0-5",23:00,Kuwagamon (Otamamon road)
ver6,Champion,125,49,"CM 0-3, TR 0-47",22:00,Monochromon
ver6,Champion,159,49,"CM 4+, TR 32+, OF 6+",22:00,ShellNumemon (KaratsukiNumemon)
ver6,Champion,142,49,CM 4+,22:00,"Gekomon (Otamamon road; catch-all, SD folded)"
ver6,Ultimate,225,140;113;125,WIN 12/15,23:00,MegaKabuterimon (AtlurKabuterimon; canon dead end)
ver6,Ultimate,200,142,WIN 12/15,23:00,ShogunGekomon (TonosamaGekomon; canon dead end)
ver6,Ultimate,251,141;120;159,WIN 12/15,23:00,Tekkamon (canon dead end)
nsp,Fresh,1601,egg,TIME,20:00,Bubbmon (pen20 egg_nsp)
nsp,InTraining,19,1601,TIME,21:00,Motimon
nsp,Rookie,48,19,CM 0,21:00,Tentomon
nsp,Rookie,28,19,CM 1-2,21:00,Gotsumon
nsp,Rookie,49,19,CM 3+,21:00,Otamamon
nsp,Champion,140,48,"CM 0-1, TR 16+",22:00,Kabuterimon
nsp,Champion,100,48,"CM 0-1, TR 0-15",22:00,Gatomon
nsp,Champion,120,48,"CM 2+, TR 16+",22:00,Kuwagamon
nsp,Champion,142,48,"CM 2+, TR 0-15",22:00,Gekomon
nsp,Champion,125,28,"CM 0-1, TR 16+",22:00,Monochromon
nsp,Champion,141,28,"CM 2+, TR 8+",22:00,Starmon
nsp,Champion,113,28,"CM 0-1, TR 0-15",22:00,Tortamon
nsp,Champion,142,28;49,"CM 2+, TR 0-7",22:00,Gekomon
nsp,Champion,120,49,"CM 2+, TR 8+",22:00,Kuwagamon
nsp,Champion,100,49,"CM 0-1, TR 16+",22:00,Gatomon
nsp,Champion,141,49,"CM 0-1, TR 0-15",22:00,Starmon
nsp,Ultimate,225,113;140,"CM 0, WIN 12/15",23:00,MegaKabuterimon
nsp,Ultimate,226,100;113;140,JOGRESS Vaccine/Data,23:00,Jagamon
nsp,Ultimate,196,100;113;140,JOGRESS Virus,23:00,Piximon
nsp,Ultimate,224,100,"CM 0, WIN 12/15 | CM 0-1, WIN 12/15",23:00,Angewomon
nsp,Ultimate,223,100,JOGRESS Vaccine,23:00,MagnaAngemon
nsp,Ultimate,213,100,JOGRESS Data/Virus,23:00,MetalMamemon
nsp,Ultimate,228,120,"CM 0-2, WIN 12/15",23:00,Okuwamon
nsp,Ultimate,200,120,JOGRESS Data/Virus,23:00,ShogunGekomon
nsp,Ultimate,196,120;142,JOGRESS Vaccine/None,23:00,Piximon
nsp,Ultimate,200,142,"CM 0-2, WIN 12/15 | JOGRESS Data/Virus",23:00,ShogunGekomon
nsp,Ultimate,227,125;141,"CM 0-2, WIN 12/15",23:00,Triceramon
nsp,Ultimate,196,125;141,JOGRESS Data,23:00,Piximon
nsp,Ultimate,224,125;141,JOGRESS Vaccine,23:00,Angewomon
nsp,Ultimate,200,125;141,JOGRESS Virus,23:00,ShogunGekomon
nsp,Mega,286,225;228,"CM 0, WIN 12/15",00:00,HerculesKabuterimon
nsp,Mega,282,226,JOGRESS Vaccine,00:00,Magnadramon
nsp,Mega,287,196;227,JOGRESS Data,00:00,SaberLeomon
nsp,Mega,282,224,"CM 0, WIN 12/15",00:00,Magnadramon
nsp,Mega,303,224,"CM 0-1, WIN 12/15",00:00,Ophanimon
nsp,Mega,381,224,JOGRESS 215,00:00,Mastemon
nsp,Mega,302,223,"CM 0-1, WIN 12/15",00:00,Seraphimon
nsp,Mega,279,213,JOGRESS Data,00:00,MetalGarurumon
nsp,Mega,281,200;228,JOGRESS Virus,00:00,MetalEtemon
nsp,Mega,294,279,JOGRESS 280,00:00,Omnimon
dsv,Fresh,1602,egg,TIME,20:00,Pichimon (pen20 egg_dsa)
dsv,InTraining,20,1602,TIME,21:00,Bukamon
dsv,Rookie,50,20,CM 0,21:00,Gomamon
dsv,Rookie,51,20,CM 1-2,21:00,Ganimon
dsv,Rookie,52,20,CM 3+,21:00,Syakomon
dsv,Champion,107,50,"CM 0-1, TR 16+",22:00,Ikkakumon
dsv,Champion,84,50,"CM 0-1, TR 0-15",22:00,Rukamon
dsv,Champion,88,50,"CM 2+, TR 16+",22:00,Coelamon
dsv,Champion,128,50,"CM 2+, TR 0-15",22:00,Gesomon
dsv,Champion,110,51,"CM 0-1, TR 0-15",22:00,Seadramon
dsv,Champion,137,51,"CM 2+, TR 8+",22:00,Ebidramon
dsv,Champion,84,51,"CM 0-1, TR 16+",22:00,Rukamon
dsv,Champion,105,51,"CM 2+, TR 0-7",22:00,Octomon
dsv,Champion,105,52,"CM 1+, TR 8+",22:00,Octomon
dsv,Champion,128,52,"CM 1+, TR 0-7",22:00,Gesomon
dsv,Champion,107,52,"CM 0, TR 16+",22:00,Ikkakumon
dsv,Champion,110,52,"CM 0, TR 0-15",22:00,Seadramon
dsv,Ultimate,229,84;107,"CM 0-2, WIN 12/15",23:00,Zudomon
dsv,Ultimate,193,84;107,JOGRESS Vaccine/Data,23:00,Whamon
dsv,Ultimate,204,107,JOGRESS Virus,23:00,Scorpiomon
dsv,Ultimate,207,84,JOGRESS Virus,23:00,Divermon
dsv,Ultimate,202,88;110;137,"CM 0-3, WIN 12/15",23:00,MegaSeadramon
dsv,Ultimate,204,88,JOGRESS Data,23:00,Scorpiomon
dsv,Ultimate,193,88;110;137,JOGRESS Vaccine,23:00,Whamon
dsv,Ultimate,206,88;110;137,JOGRESS Virus,23:00,Dagomon
dsv,Ultimate,205,105;128,"CM 0-4, WIN 12/15",23:00,MarineDevimon
dsv,Ultimate,206,105;128,JOGRESS Data/Virus,23:00,Dagomon
dsv,Ultimate,207,128,JOGRESS Vaccine/None,23:00,Divermon
dsv,Ultimate,207,110;137,JOGRESS Data,23:00,Divermon
dsv,Ultimate,204,105,JOGRESS Vaccine/None,23:00,Scorpiomon
dsv,Mega,288,202;229,"CM 0, WIN 12/15",00:00,MarineAngemon
dsv,Mega,283,193,JOGRESS Vaccine,00:00,Plesiomon
dsv,Mega,275,202;204,JOGRESS Data,00:00,MetalSeadramon
dsv,Mega,283,207,JOGRESS Data,00:00,Plesiomon
dsv,Mega,289,205;206,JOGRESS Virus,00:00,Pukumon
nso,Fresh,1603,egg,TIME,20:00,Mokumon (pen20 egg_nso)
nso,InTraining,21,1603,TIME,21:00,DemiMeramon
nso,Rookie,27,21,CM 0,21:00,Bakumon
nso,Rookie,30,21,CM 1-2,21:00,Candlemon
nso,Rookie,32,21,CM 3+,21:00,DemiDevimon
nso,Champion,143,27;30,"CM 0-1, TR 8+",22:00,Apemon
nso,Champion,108,27,"CM 2+, TR 0-15",22:00,Garurumon
nso,Champion,95,27;30,"CM 0-1, TR 0-7",22:00,Meramon
nso,Champion,99,27;32,"CM 2+, TR 16+",22:00,Wizarmon
nso,Champion,99,30,"CM 2+, TR 0-3",22:00,Wizarmon
nso,Champion,102,30,"CM 2+, TR 4+",22:00,Devimon
nso,Champion,102,32,"CM 0-1, TR 8+",22:00,Devimon
nso,Champion,121,32,"CM 0-1, TR 0-7",22:00,Bakemon
nso,Champion,127,32,"CM 2+, TR 0-15",22:00,Dokugumon
nso,Ultimate,201,108;143,"CM 0-2, WIN 12/15",23:00,Mammothmon
nso,Ultimate,222,143,JOGRESS Vaccine/Data,23:00,WereGarurumon
nso,Ultimate,230,108;143,JOGRESS Virus,23:00,Pumpmon
nso,Ultimate,222,108,"CM 0-2, WIN 12/15 | JOGRESS Vaccine/Data",23:00,WereGarurumon
nso,Ultimate,224,108,JOGRESS Vaccine,23:00,Angewomon
nso,Ultimate,213,108,JOGRESS Data/Virus,23:00,MetalMamemon
nso,Ultimate,217,95;99,"CM 0-4, WIN 12/15",23:00,SkullMeramon
nso,Ultimate,230,95;99,JOGRESS Data,23:00,Pumpmon
nso,Ultimate,222,95;99,JOGRESS Vaccine,23:00,WereGarurumon
nso,Ultimate,216,95;99,JOGRESS Virus,23:00,Phantomon
nso,Ultimate,203,102,"CM 0-1, WIN 12/15",23:00,Myotismon
nso,Ultimate,215,102,JOGRESS Data/Virus,23:00,LadyDevimon
nso,Ultimate,230,102;121;127,JOGRESS Vaccine/None,23:00,Pumpmon
nso,Ultimate,216,121,JOGRESS Data/Virus,23:00,Phantomon
nso,Ultimate,215,121;127,"CM 0-1, WIN 12/15",23:00,LadyDevimon
nso,Ultimate,203,127,JOGRESS Data/Virus,23:00,Myotismon
nso,Mega,290,201;217;222,"CM 0, WIN 12/15",00:00,SkullMammothmon
nso,Mega,279,222,"CM 0-1, WIN 12/15",00:00,MetalGarurumon
nso,Mega,291,217;230,JOGRESS Data,00:00,Boltmon
nso,Mega,282,224,"CM 0, WIN 12/15",00:00,Magnadramon
nso,Mega,303,224,"CM 0-1, WIN 12/15",00:00,Ophanimon
nso,Mega,381,224,JOGRESS 215,00:00,Mastemon
nso,Mega,279,213,JOGRESS Data,00:00,MetalGarurumon
nso,Mega,278,203;216,JOGRESS Virus,00:00,Piedmon
nso,Mega,511,203,JOGRESS 278,00:00,Boltboutamon
nso,Mega,284,215,JOGRESS Virus,00:00,Demon
nso,Mega,381,215,JOGRESS 224,00:00,Mastemon
nso,Mega,294,279,JOGRESS 280,00:00,Omnimon
nso,Mega,511,278,JOGRESS 203,00:00,Boltboutamon
wgu,Fresh,1604,egg,TIME,20:00,Nyokimon (pen20 egg_wgu)
wgu,InTraining,22,1604,TIME,21:00,Yokomon
wgu,Rookie,46,22,CM 0,21:00,Biyomon
wgu,Rookie,53,22,CM 1,21:00,Floramon
wgu,Rookie,44,22,CM 2,21:00,Palmon
wgu,Rookie,54,22,CM 3+,21:00,Mushmon
wgu,Champion,97,46,"CM 0-1, TR 0-11",22:00,Birdramon
wgu,Champion,144,46;53,"CM 0-1, TR 12+",22:00,Veedramon
wgu,Champion,145,46;53,"CM 2+, TR 16+",22:00,Togemon
wgu,Champion,131,46,"CM 2+, TR 0-15",22:00,Woodmon
wgu,Champion,130,44;53,"CM 0-1, TR 0-11",22:00,Kiwimon
wgu,Champion,132,44;53,"CM 2+, TR 0-15",22:00,RedVegimon
wgu,Champion,145,44,"CM 0-1, TR 12+",22:00,Togemon
wgu,Champion,97,44,"CM 2+, TR 16+",22:00,Birdramon
wgu,Champion,131,54,"CM 2+, TR 8+",22:00,Woodmon
wgu,Champion,132,54,"CM 2+, TR 0-7",22:00,RedVegimon
wgu,Champion,144,54,"CM 0-1, TR 16+",22:00,Veedramon
wgu,Champion,97,54,"CM 0-1, TR 0-15",22:00,Birdramon
wgu,Ultimate,234,97,"CM 0-2, WIN 12/15",23:00,Garudamon
wgu,Ultimate,233,97,JOGRESS Vaccine/Data,23:00,AeroVeedramon
wgu,Ultimate,236,97;144,JOGRESS Virus,23:00,Deramon
wgu,Ultimate,233,144,"CM 0-2, WIN 12/15",23:00,AeroVeedramon
wgu,Ultimate,234,144,JOGRESS Vaccine/Data,23:00,Garudamon
wgu,Ultimate,218,145,"CM 0-2, WIN 12/15",23:00,Lilymon
wgu,Ultimate,236,130;145,JOGRESS Data,23:00,Deramon
wgu,Ultimate,234,130;145,JOGRESS Vaccine,23:00,Garudamon
wgu,Ultimate,209,131;132,"CM 0-3, WIN 12/15",23:00,Cherrymon
wgu,Ultimate,236,131;132,JOGRESS Vaccine/None,23:00,Deramon
wgu,Ultimate,235,130,"CM 0-2, WIN 12/15",23:00,Blossomon
wgu,Mega,292,234,"CM 0-2, WIN 12/15",00:00,Phoenixmon
wgu,Mega,311,233,"CM 0, WIN 12/15 | CM 0-2, WIN 12/15",00:00,UlforceVeedramon
wgu,Mega,292,233,"CM 1-2, WIN 12/15",00:00,Phoenixmon
wgu,Mega,293,235;236,JOGRESS Data,00:00,Griffomon
wgu,Mega,292,236,"CM 0-1, WIN 12/15",00:00,Phoenixmon
wgu,Mega,285,218,"CM 0-1, WIN 12/15",00:00,Rosemon
wgu,Mega,277,209,JOGRESS Virus,00:00,Puppetmon
wgu,Mega,508,285,JOGRESS 374,00:00,Rafflesimon
mem,Fresh,1605,egg,TIME,20:00,Choromon (pen20 egg_mem)
mem,InTraining,23,1605,TIME,21:00,Kapurimon
mem,Rookie,38,23,CM 0,21:00,ToyAgumon
mem,Rookie,55,23,CM 1,21:00,Kokuwamon
mem,Rookie,42,23,CM 2+,21:00,Hagurumon
mem,Champion,93,38;42,"CM 0-1, TR 16+",22:00,Greymon
mem,Champion,146,38,"CM 0-1, TR 0-15",22:00,Deputymon
mem,Champion,147,38,"CM 2+, TR 0-11",22:00,Clockmon
mem,Champion,138,38,"CM 2+, TR 12+",22:00,Thunderballmon
mem,Champion,147,55,"CM 2+, TR 12+",22:00,Clockmon
mem,Champion,138,55,"CM 0-1, TR 0-15",22:00,Thunderballmon
mem,Champion,146,55,"CM 0-1, TR 16+",22:00,Deputymon
mem,Champion,89,55,"CM 2+, TR 0-11",22:00,Guardromon
mem,Champion,89,42,"CM 2+, TR 12+",22:00,Guardromon
mem,Champion,133,42,"CM 2+, TR 0-11",22:00,Mechanorimon
mem,Champion,134,42,"CM 0-1, TR 0-15",22:00,Tankmon
mem,Ultimate,220,93;146,"CM 0-1, WIN 12/15",23:00,MetalGreymon
mem,Ultimate,219,93,JOGRESS Vaccine/Data,23:00,Cyberdramon
mem,Ultimate,232,93;146,JOGRESS Virus,23:00,BigMamemon
mem,Ultimate,221,93,JOGRESS Vaccine/Data,23:00,Asuramon
mem,Ultimate,213,93,JOGRESS Virus,23:00,MetalMamemon
mem,Ultimate,191,146,JOGRESS Vaccine/Data,23:00,Andromon
mem,Ultimate,231,134;138;147,"CM 0-3, WIN 12/15",23:00,Knightmon
mem,Ultimate,232,134;138;147,JOGRESS Data,23:00,BigMamemon
mem,Ultimate,191,134;147,JOGRESS Vaccine,23:00,Andromon
mem,Ultimate,212,134;138;147,JOGRESS Virus,23:00,WaruMonzaemon
mem,Ultimate,219,138,JOGRESS Vaccine,23:00,Cyberdramon
mem,Ultimate,210,89;133,"CM 0-3, WIN 12/15",23:00,Megadramon
mem,Ultimate,212,89;133,JOGRESS Data/Virus,23:00,WaruMonzaemon
mem,Ultimate,232,89;133,JOGRESS Vaccine/None,23:00,BigMamemon
mem,Mega,280,220;221;231,"CM 0-1, WIN 12/15",00:00,WarGreymon
mem,Mega,280,219,JOGRESS Vaccine,00:00,WarGreymon
mem,Mega,279,213;231;232,JOGRESS Data,00:00,MetalGarurumon
mem,Mega,276,191,JOGRESS Vaccine,00:00,Machinedramon
mem,Mega,274,212,JOGRESS Virus,00:00,VenomMyotismon
mem,Mega,276,210,JOGRESS Virus,00:00,Machinedramon
mem,Mega,349,210,JOGRESS Virus,00:00,Darkdramon
mem,Mega,294,280,JOGRESS 279,00:00,Omnimon
mem,Mega,294,279,JOGRESS 280,00:00,Omnimon
mem,Mega,348,349,JOGRESS 350,00:00,Chaosmon
vbu,Fresh,1606,egg,TIME,20:00,YukimiBotamon (pen20 egg_vbu)
vbu,InTraining,15,1606,TIME,21:00,Nyaromon
vbu,Rookie,29,15,CM 0,21:00,Agumon
vbu,Rookie,34,15,CM 1,21:00,Gabumon
vbu,Rookie,47,15,CM 2+,21:00,Salamon
vbu,Champion,93,29,"CM 0-1, TR 16+",22:00,Greymon
vbu,Champion,104,29,"CM 2+, TR 0-7",22:00,Leomon
vbu,Champion,108,29,"CM 2+, TR 8+",22:00,Garurumon
vbu,Champion,101,29;47,"CM 0-1, TR 0-15",22:00,Angemon
vbu,Champion,108,34,"CM 0-1, TR 0-15",22:00,Garurumon
vbu,Champion,139,34,"CM 2+, TR 8+",22:00,Igamon
vbu,Champion,104,34,"CM 0-1, TR 16+",22:00,Leomon
vbu,Champion,100,34,"CM 2+, TR 0-7",22:00,Gatomon
vbu,Champion,100,47,"CM 0-1, TR 16+",22:00,Gatomon
vbu,Champion,93,47,"CM 2+, TR 8+",22:00,Greymon
vbu,Champion,139,47,"CM 2+, TR 0-7",22:00,Igamon
vbu,Ultimate,220,93;104,"CM 0-1, WIN 12/15",23:00,MetalGreymon
vbu,Ultimate,219,93,JOGRESS Vaccine/Data,23:00,Cyberdramon
vbu,Ultimate,232,93,JOGRESS Virus,23:00,BigMamemon
vbu,Ultimate,221,93;104,JOGRESS Vaccine/Data,23:00,Asuramon
vbu,Ultimate,213,93;104,JOGRESS Virus,23:00,MetalMamemon
vbu,Ultimate,222,108,"CM 0-2, WIN 12/15 | JOGRESS Vaccine/Data",23:00,WereGarurumon
vbu,Ultimate,201,108,"CM 0-2, WIN 12/15",23:00,Mammothmon
vbu,Ultimate,230,108,JOGRESS Virus,23:00,Pumpmon
vbu,Ultimate,224,101;108,JOGRESS Vaccine,23:00,Angewomon
vbu,Ultimate,213,100;101;108,JOGRESS Data/Virus,23:00,MetalMamemon
vbu,Ultimate,223,101,"CM 0-1, WIN 12/15",23:00,MagnaAngemon
vbu,Ultimate,222,139,"CM 0-2, WIN 12/15",23:00,WereGarurumon
vbu,Ultimate,213,139,JOGRESS Data,23:00,MetalMamemon
vbu,Ultimate,221,139,JOGRESS Vaccine/Virus,23:00,Asuramon
vbu,Ultimate,224,100,"CM 0, WIN 12/15 | CM 0-1, WIN 12/15",23:00,Angewomon
vbu,Ultimate,226,100,JOGRESS Vaccine/Data,23:00,Jagamon
vbu,Ultimate,196,100,JOGRESS Virus,23:00,Piximon
vbu,Ultimate,223,100,JOGRESS Vaccine,23:00,MagnaAngemon
vbu,Mega,280,220;221,"CM 0-1, WIN 12/15",00:00,WarGreymon
vbu,Mega,280,219,JOGRESS Vaccine,00:00,WarGreymon
vbu,Mega,279,213;232,JOGRESS Data,00:00,MetalGarurumon
vbu,Mega,290,201;222,"CM 0, WIN 12/15",00:00,SkullMammothmon
vbu,Mega,279,222,"CM 0-1, WIN 12/15",00:00,MetalGarurumon
vbu,Mega,291,230,JOGRESS Data,00:00,Boltmon
vbu,Mega,282,224,"CM 0, WIN 12/15",00:00,Magnadramon
vbu,Mega,303,224,"CM 0-1, WIN 12/15",00:00,Ophanimon
vbu,Mega,381,224,JOGRESS 215,00:00,Mastemon
vbu,Mega,302,223,"CM 0-1, WIN 12/15",00:00,Seraphimon
vbu,Mega,282,226,JOGRESS Vaccine,00:00,Magnadramon
vbu,Mega,287,196,JOGRESS Data,00:00,SaberLeomon
vbu,Mega,294,280,JOGRESS 279,00:00,Omnimon
vbu,Mega,294,279,JOGRESS 280,00:00,Omnimon
corona,Fresh,1607,egg,TIME,20:00,Pichimon (dm20 egg_corona)
corona,InTraining,20,1607,TIME,21:00,Bukamon
corona,Rookie,384,20,TIME,22:00,Coronamon
corona,Champion,387,384,TIME,23:00,Firamon
corona,Ultimate,390,387,WIN 12/15,23:00,Flaremon
corona,Mega,394,390,CM 0-2,24:00,Apollomon
corona,Mega,400,394,JOGRESS 377,24:00,GraceNovamon; Tag Battle gate -> jogress door (capstone convention)
luna,Fresh,1608,egg,TIME,20:00,Pichimon (dm20 egg_luna)
luna,InTraining,20,1608,TIME,21:00,Bukamon
luna,Rookie,385,20,TIME,22:00,Lunamon
luna,Champion,388,385,TIME,23:00,Lekismon
luna,Ultimate,391,388,WIN 12/15,23:00,Crescemon
luna,Mega,377,391,CM 0-2,24:00,Dianamon
luna,Mega,400,377,JOGRESS 394,24:00,GraceNovamon; Tag Battle gate -> jogress door (capstone convention)
zuba,Fresh,1609,egg,TIME,20:00,Sakumon (dm20 egg_zuba)
zuba,InTraining,969,1609,TIME,21:00,Sakuttomon
zuba,Rookie,67,969,TIME,22:00,Zubamon
zuba,Champion,161,67,TIME,23:00,Zubaeagermon
zuba,Ultimate,369,161,WIN 12/15,23:00,Duramon
zuba,Mega,370,369,CM 0-2,24:00,Durandamon
hack,Fresh,1610,egg,TIME,20:00,Sakumon (dm20 egg_hack)
hack,InTraining,969,1610,TIME,21:00,Sakuttomon
hack,Rookie,66,969,TIME,22:00,Hackmon
hack,Champion,160,66,TIME,23:00,BaoHackmon
hack,Ultimate,371,160,WIN 12/15,23:00,SaviorHackmon
hack,Mega,372,371,CM 0-2,24:00,Jesmon
doru20,Fresh,1611,egg,TIME,20:00,Dodomon (dm20 egg_doru)
doru20,InTraining,929,1611,TIME,21:00,Dorimon
doru20,Rookie,41,929,TIME,22:00,Dorumon
doru20,Champion,86,41,TIME,23:00,Dorugamon
doru20,Ultimate,258,86,WIN 12/15,23:00,DoruGreymon
doru20,Mega,330,258,CM 0-2,24:00,Alphamon
slayerdra,Fresh,1612,egg,TIME,20:00,Petitmon (dm20 egg_slayerdra)
slayerdra,InTraining,955,1612,TIME,21:00,Babydmon
slayerdra,Rookie,57,955,TIME,22:00,Dracomon
slayerdra,Champion,150,57,TIME,23:00,Coredramon
slayerdra,Ultimate,242,150,WIN 12/15,23:00,Wingdramon
slayerdra,Mega,315,242,CM 0-2,24:00,Slayerdramon
slayerdra,Mega,317,315,JOGRESS 316,24:00,Examon; Tag Battle gate -> jogress door (capstone convention)
breakdra,Fresh,1613,egg,TIME,20:00,Petitmon (dm20 egg_breakdra)
breakdra,InTraining,955,1613,TIME,21:00,Babydmon
breakdra,Rookie,57,955,TIME,22:00,Dracomon
breakdra,Champion,150,57,TIME,23:00,Coredramon
breakdra,Ultimate,250,150,WIN 12/15,23:00,Groundramon
breakdra,Mega,316,250,CM 0-2,24:00,Breakdramon
breakdra,Mega,317,316,JOGRESS 315,24:00,Examon; Tag Battle gate -> jogress door (capstone convention)
ryuda,Fresh,1614,egg,TIME,20:00,Fufumon (pen20 egg_ryuda)
ryuda,InTraining,945,1614,TIME,21:00,Kyokyomon
ryuda,Rookie,406,945,TIME,21:00,Ryudamon
ryuda,Champion,415,406,TIME,22:00,Ginryumon
ryuda,Ultimate,426,415,"CM 0-2, WIN 12/15",23:00,Hisyaryumon
ryuda,Mega,437,426,"CM 0-2, WIN 12/15",00:00,Ouryumon
draco,Fresh,1615,egg,TIME,20:00,Petitmon (pen20 egg_draco)
draco,InTraining,955,1615,TIME,21:00,Babydmon
draco,Rookie,57,955,CM 0-1,21:00,Dracomon
draco,Rookie,1061,955,CM 2+,21:00,AgumonHakase
draco,Champion,150,57,"CM 0-1, TR 16+",22:00,Coredramon
draco,Champion,150,57,"CM 0-1, TR 0-15 | CM 2+",22:00,Coredramon
draco,Champion,94,1061,"CM 0-1, TR 0-15 | CM 2+",22:00,Devidramon
draco,Champion,150,1061,"CM 0-1, TR 16+",22:00,Coredramon
draco,Ultimate,242,150,"CM 0-2, WIN 12/15 | JOGRESS Vaccine/None",23:00,Wingdramon
draco,Ultimate,250,150,"JOGRESS Vaccine | CM 0-2, WIN 12/15",23:00,Groundramon
draco,Ultimate,210,150,JOGRESS Data/Virus,23:00,Megadramon
draco,Ultimate,210,94,"CM 0-1, WIN 12/15",23:00,Megadramon
draco,Ultimate,242,94,JOGRESS Vaccine/None,23:00,Wingdramon
draco,Ultimate,250,94,JOGRESS Data/Virus,23:00,Groundramon
draco,Mega,315,242,"CM 0-2, WIN 12/15",00:00,Slayerdramon
draco,Mega,316,250,"CM 0-2, WIN 12/15",00:00,Breakdramon
draco,Mega,276,210,JOGRESS Virus,00:00,Machinedramon
draco,Mega,349,210,JOGRESS Virus,00:00,Darkdramon
draco,Mega,317,315,JOGRESS 316,00:00,Examon
draco,Mega,317,316,JOGRESS 315,00:00,Examon
draco,Mega,348,349,JOGRESS 350,00:00,Chaosmon
terrier,Fresh,1616,egg,TIME,20:00,Zerimon (pen20 egg_twins)
terrier,InTraining,971,1616,TIME,21:00,Gummymon
terrier,Rookie,60,971,TIME,21:00,Terriermon
terrier,Champion,154,60,TIME,22:00,Gargomon
terrier,Ultimate,249,154,"CM 0-2, WIN 12/15",23:00,Rapidmon
terrier,Mega,309,249,"CM 0-2, WIN 12/15",00:00,MegaGargomon
lop,Fresh,1617,egg,TIME,20:00,Cocomon (pen20 egg_twins)
lop,InTraining,973,1617,TIME,21:00,Chocomon
lop,Rookie,61,973,TIME,21:00,Lopmon
lop,Champion,163,61,TIME,22:00,Turuiemon
lop,Ultimate,243,163,"CM 0-2, WIN 12/15",23:00,Andiramon
lop,Mega,305,243,"CM 0-2, WIN 12/15",00:00,Cherubimon
vegg,Fresh,1618,egg,TIME,20:00,Chibomon (pen20 egg_v)
vegg,InTraining,939,1618,TIME,21:00,DemiVeemon
vegg,Rookie,62,939,TIME,21:00,Veemon
vegg,Champion,144,62,CM 2+,22:00,Veedramon
vegg,Ultimate,233,144,"CM 0-2, WIN 12/15",23:00,AeroVeedramon
vegg,Ultimate,234,144,JOGRESS Vaccine/Data,23:00,Garudamon
vegg,Ultimate,236,144,JOGRESS Virus,23:00,Deramon
vegg,Mega,311,233,"CM 0, WIN 12/15 | CM 0-2, WIN 12/15",00:00,UlforceVeedramon
vegg,Mega,292,233,"CM 1-2, WIN 12/15",00:00,Phoenixmon
vegg,Mega,292,234,"CM 0-2, WIN 12/15",00:00,Phoenixmon
vegg,Mega,293,236,JOGRESS Data,00:00,Griffomon
vegg,Mega,292,236,"CM 0-1, WIN 12/15",00:00,Phoenixmon
vegg,Champion,144,62,TIME,22:00,Veedramon; catch-all road (device roads lost to roster prune fold here)
vb20,Fresh,1619,egg,TIME,20:00,Botamon (pen20 egg_vbu20)
vb20,InTraining,12,1619,TIME,21:00,Koromon
vb20,Rookie,40,12,CM 0-1,21:00,Guilmon
vb20,Rookie,1063,12,CM 2+,21:00,BushiAgumon
vb20,Champion,85,40,"CM 0-1, TR 16+",22:00,Growmon
vb20,Champion,494,40,"CM 0-1, TR 0-15",22:00,Arresterdramon
vb20,Champion,495,40;1063,CM 2+,22:00,Manbomon
vb20,Champion,172,1063,"CM 0-1, TR 0-15",22:00,Reppamon
vb20,Champion,494,1063,"CM 0-1, TR 16+",22:00,Arresterdramon
vb20,Ultimate,254,85,JOGRESS Vaccine/None,23:00,RizeGreymon
vb20,Ultimate,254,494;495,"CM 0-2, WIN 12/15",23:00,RizeGreymon
vb20,Ultimate,254,172,JOGRESS Vaccine/Data,23:00,RizeGreymon
vb20,Mega,298,254,"CM 0, WIN 12/15",00:00,Gallantmon
vb20,Mega,334,254,"CM 1-3, WIN 12/15",00:00,Duftmon
x3a,Fresh,1620,egg,TIME,20:00,Zerimon (dmx egg_x3)
x3a,InTraining,971,1620,TIME,21:00,Gummymon
x3a,Rookie,41,971,"CM 0, TR 16+ | CM 1, TR 16+",21:00,Dorumon; folded device-area term: 'Area 45 not cleared'
x3a,Rookie,1064,971,"CM 0, TR 0-15 | CM 1, TR 0-15",21:00,Terriermon X; folded device-area term: 'Area 45 not cleared'
x3a,Champion,86,41,"CM 0-1, TR 4+",22:00,Dorugamon
x3a,Champion,1101,41,"CM 0-1, TR 0-3",22:00,Pteranomon X; folded device-area term: 'Area 11 not cleared'
x3a,Champion,1070,41,"CM 2+, TR 12+",22:00,Meramon X; folded device-area term: 'Area 9 cleared'
x3a,Champion,457,41,"CM 2+, TR 0-11 | CM 2+, TR 12+",22:00,Omekamon; folded device-area term: 'Area 9 not cleared'
x3a,Champion,1071,1064,"CM 0-2, TR 12+",22:00,Seasarmon X; folded device-area term: 'Area 11 cleared'
x3a,Champion,86,1064,"CM 0-2, TR 0-11 | CM 0-2, TR 12+",22:00,Dorugamon; folded device-area term: 'Area 11 not cleared'
x3a,Champion,1070,1064,"CM 3+, TR 8+",22:00,Meramon X; folded device-area term: 'Area 9 cleared'
x3a,Champion,1069,1064,"CM 3+, TR 0-7 | CM 3+, TR 8+",22:00,Togemon X; folded device-area term: 'Area 9 not cleared'
x3a,Ultimate,258,86,"CM 0-2, LV 4-6",23:00,DoruGreymon
x3a,Ultimate,266,86,"CM 0-2, LV 1-3",23:00,CannonBeemon
x3a,Ultimate,988,86,"CM 3+, LV 1-6",23:00,Mamemon X
x3a,Ultimate,1230,1101,"CM 0-1, LV 3-6",23:00,Garudamon X; folded device-area term: 'Area 16 cleared'
x3a,Ultimate,266,1101,"CM 0-1, LV 1-2",23:00,CannonBeemon
x3a,Ultimate,988,1101,"CM 2+, LV 1-6",23:00,Mamemon X
x3a,Ultimate,1037,1071,"CM 0-2, LV 5-6 | CM 3+, LV 6, KO6 1+",23:00,OmniShoutmon X; folded device-area term: 'Area 22 cleared'
x3a,Ultimate,258,1071,"CM 0-2, LV 1-4",23:00,DoruGreymon
x3a,Ultimate,1230,1071,"CM 3+, LV 6, KO6 0",23:00,Garudamon X; folded device-area term: 'Area 16 cleared'
x3a,Ultimate,420,1071,"CM 3+, LV 1-5",23:00,Grademon
x3a,Ultimate,1225,1070,"CM 0-2, LV 4-6",23:00,Cyberdramon X; folded device-area term: 'Area 21 cleared'
x3a,Ultimate,420,1070,"CM 0-2, LV 1-3 | CM 0-2, LV 4-6",23:00,Grademon; folded device-area term: 'Area 21 not cleared'
x3a,Ultimate,1037,1070,"CM 3+, LV 6, KO6 1+",23:00,OmniShoutmon X
x3a,Ultimate,988,1070,"CM 3+, LV 1-6, KO6 0",23:00,Mamemon X
x3a,Ultimate,1037,457,"CM 0-1, LV 5-6",23:00,OmniShoutmon X; folded device-area term: 'Area 22 cleared'
x3a,Ultimate,1225,457;1069,"CM 2+, LV 6, KO6 1+",23:00,Cyberdramon X
x3a,Ultimate,258,457,"CM 0-1, LV 1-4 | CM 0-1, LV 5-6",23:00,DoruGreymon; folded device-area term: 'Area 45 not cleared'; folded device-area term: 'Area 22 not cleared'
x3a,Ultimate,1019,457,"CM 0-1, LV 5-6",23:00,Monzaemon X; folded device-area term: 'Area 20 cleared'
x3a,Ultimate,1226,457,"CM 2+, LV 6, KO6 1+",23:00,RizeGreymon X
x3a,Ultimate,420,457,"CM 0, LV 6",23:00,Grademon; folded device-area term: 'Area 20 not cleared'
x3a,Ultimate,627,457,"CM 0-1, LV 1-4",23:00,CrysPaledramon; folded device-area term: 'Area 45 cleared'
x3a,Ultimate,1036,457,"CM 2+, LV 6, KO6 0",23:00,Jazarichmon; folded device-area term: 'Area 45 cleared'
x3a,Ultimate,230,457,"CM 2+, LV 1-5",23:00,Pumpmon; folded device-area term: 'Area 45 cleared'
x3a,Ultimate,988,457,"CM 2+, LV 6, KO6 0 | CM 2+, LV 1-5",23:00,Mamemon X; folded device-area term: 'Area 45 not cleared'; folded device-area term: 'Area 45 not cleared'
x3a,Ultimate,266,1069,"CM 0-1, LV 5-6",23:00,CannonBeemon
x3a,Ultimate,258,1069,"CM 0-1, LV 1-4",23:00,DoruGreymon
x3a,Ultimate,988,1069,"CM 2+, LV 1-6, KO6 0",23:00,Mamemon X
x3a,Mega,330,258,"CM 0-2, LV 7-8",00:00,Alphamon
x3a,Mega,1290,258,"CM 3, LV 8",00:00,Magnadramon X
x3a,Mega,1020,258,"CM 3, LV 5-7",00:00,Dinotigermon
x3a,Mega,376,266,"CM 0-2, LV 7-8",00:00,TigerVespamon
x3a,Mega,1020,266,"CM 0-2, LV 1-6",00:00,Dinotigermon
x3a,Mega,1034,266,"CM 3, LV 8, KO6 5+",00:00,Rapidmon X; folded device-area term: 'Area 32 cleared'
x3a,Mega,1290,266,"CM 3, LV 8, KO6 0-4",00:00,Magnadramon X
x3a,Mega,1316,266;1230,"CM 3, LV 5-7",00:00,Ebemon X
x3a,Mega,1359,988,"CM 0-1, LV 6-8",00:00,Justimon X; folded device-area term: 'Area 29 cleared'
x3a,Mega,914,988,"CM 2-3, LV 8, KO6 5+",00:00,Hexeblaumon; folded device-area term: 'Area 45 cleared'
x3a,Mega,631,988,"CM 0-1, LV 6-8",00:00,Metallicdramon; folded device-area term: 'Area 45 cleared'
x3a,Mega,1096,988,"CM 2-3, LV 8, KO6 5+",00:00,Goldramon X; folded device-area term: 'Area 31 cleared'
x3a,Mega,1290,988,"CM 0-1, LV 1-5 | CM 0-1, LV 8",00:00,Magnadramon X; folded device-area term: 'Area 29 (Yellow) / 45 (Blue) not cleared'
x3a,Mega,1020,988,"CM 2-3, LV 8, KO6 0-4",00:00,Dinotigermon
x3a,Mega,1316,420;988,"CM 2-3, LV 5-7",00:00,Ebemon X
x3a,Mega,1291,1230,"CM 0-2, LV 7-8 | CM 3, LV 8, KO6 3+",00:00,Phoenixmon X; folded device-area term: 'Area 27 cleared'; folded device-area term: 'Area 27 cleared'
x3a,Mega,1290,1230,"CM 0-2, LV 5-6",00:00,Magnadramon X
x3a,Mega,376,1230,"CM 0-2, LV 1-4",00:00,TigerVespamon
x3a,Mega,1034,1037,"CM 0-2, LV 8",00:00,Rapidmon X; folded device-area term: 'Area 32 cleared'
x3a,Mega,330,1037,"CM 0-2, LV 6-7",00:00,Alphamon
x3a,Mega,1020,1019;1037,"CM 0-2, LV 1-5",00:00,Dinotigermon
x3a,Mega,376,1037;1225,"CM 3, LV 8, KO6 3+",00:00,TigerVespamon
x3a,Mega,1316,1037,"CM 3, LV 1-7 | CM 3, LV 8",00:00,Ebemon X
x3a,Mega,330,420,"CM 0-1, LV 6-8",00:00,Alphamon
x3a,Mega,1359,420,"CM 0-1, LV 4-5",00:00,Justimon X; folded device-area term: 'Area 29 Cleared'
x3a,Mega,1096,420,"CM 0-1, LV 6-8",00:00,Goldramon X; folded device-area term: 'Area 31 cleared'
x3a,Mega,437,420,"CM 0-1, LV 4-5",00:00,Ouryumon
x3a,Mega,1031,420,"CM 2-3, LV 8, KO6 5+",00:00,NoblePumpmon; folded device-area term: 'Area 45 cleared'
x3a,Mega,1359,1225,"CM 0-2, LV 7-8",00:00,Justimon X; folded device-area term: 'Area 29 cleared'
x3a,Mega,1291,1225,"CM 0-2, LV 5-6",00:00,Phoenixmon X; folded device-area term: 'Area 27 cleared'
x3a,Mega,1290,1225;1226,"CM 0-2, LV 1-4",00:00,Magnadramon X
x3a,Mega,1316,1225;1226,"CM 3, LV 1-4",00:00,Ebemon X
x3a,Mega,1238,1019,"CM 0-2, LV 8",00:00,Cherubimon X; folded device-area term: 'Area 30 cleared'
x3a,Mega,1290,1019,"CM 0-2, LV 6-7",00:00,Magnadramon X
x3a,Mega,1316,1019,"CM 3, LV 1-7 | CM 3, LV 8, KO6 0-2",00:00,Ebemon X
x3a,Mega,1096,1226,"CM 0-2, LV 7-8",00:00,Goldramon X; folded device-area term: 'Area 31 cleared'
x3a,Mega,437,1226,"CM 0-2, LV 5-6",00:00,Ouryumon
x3a,Mega,1359,627,"CM 0-2, LV 4-6",00:00,Justimon X
x3a,Mega,330,627,"CM 3, LV 8, KO6 3+",00:00,Alphamon
x3a,Mega,1096,627,"CM 0-2, LV 4-6",00:00,Goldramon X
x3a,Mega,437,627,"CM 3, LV 8, KO6 3+",00:00,Ouryumon
x3a,Mega,914,627,"CM 0-2, LV 7-8",00:00,Hexeblaumon
x3a,Mega,1290,627,"CM 0-1, LV 1-3 | CM 3, LV 5-7 | CM 3, LV 8, KO6 0-2",00:00,Magnadramon X
x3a,Mega,1034,230;1036,"CM 0-2, LV 4-6",00:00,Rapidmon X
x3a,Mega,376,1036,"CM 0-2, LV 1-3",00:00,TigerVespamon
x3a,Mega,1291,1036,"CM 3, LV 8, KO6 3+",00:00,Phoenixmon X
x3a,Mega,1247,1036,"CM 0-2, LV 4-6",00:00,Ophanimon X
x3a,Mega,1238,1036,"CM 3, LV 8, KO6 3+",00:00,Cherubimon X
x3a,Mega,631,1036,"CM 0-2, LV 7-8",00:00,Metallicdramon
x3a,Mega,1316,1036,"CM 3, LV 5-7 | CM 3, LV 8, KO6 0-2",00:00,Ebemon X
x3a,Mega,1238,230,"CM 0-2, LV 4-6",00:00,Cherubimon X
x3a,Mega,1031,230,"CM 0-2, LV 7-8 | CM 3, LV 8, KO6 3+",00:00,NoblePumpmon
x3a,Mega,1020,230,"CM 0-2, LV 1-3 | CM 3, LV 5-7 | CM 3, LV 8, KO6 0-2",00:00,Dinotigermon
x3a,Mega,1314,1290,"CM 0-2, LV 10",00:00,Magnamon X; folded device-area term: 'Area 36 cleared'
x3a,Mega,868,1020,"CM 0-2, LV 8-10",00:00,Crusadermon X
x3a,Mega,859,1020;1034,"CM 0-2, LV 5-7",00:00,Craniumon X
x3a,Mega,863,1020,"CM 0-2, LV 8-10",00:00,Jesmon X
x3a,Mega,855,1020;1238;1247,"CM 0-2, LV 5-7",00:00,Sleipmon X
x3a,Mega,866,376,"CM 0-2, LV 9-10",00:00,Gallantmon X; UNPARSED req term dropped: 'Special Random Encounter cleared'
x3a,Mega,859,376,"CM 0-2, LV 9-10",00:00,Craniumon X; UNPARSED req term dropped: 'Special Random Encounter not cleared'
x3a,Mega,1314,1034,"CM 0-2, LV 8-10",00:00,Magnamon X; folded device-area term: 'Area 36 cleared'
x3a,Mega,1237,1316,"CM 0-2, LV 10",00:00,Gankoomon X; folded device-area term: 'Area 40 cleared'
x3a,Mega,1095,1316,"CM 0-2, LV 10",00:00,Examon X; folded device-area term: 'Area 39 cleared'
x3a,Mega,1237,1359,"CM 0-2, LV 8-10",00:00,Gankoomon X; folded device-area term: 'Area 40 cleared'
x3a,Mega,868,1291;1359,"CM 0-2, LV 5-7",00:00,Crusadermon X
x3a,Mega,1237,914,"CM 0-2, LV 8-10",00:00,Gankoomon X
x3a,Mega,1314,914,"CM 0-2, LV 5-7",00:00,Magnamon X
x3a,Mega,859,631;914,"CM 0-2, LV 1-4",00:00,Craniumon X
x3a,Mega,1236,914,"CM 0-2, LV 5-7",00:00,Duftmon X
x3a,Mega,863,914,"CM 0-2, LV 1-4",00:00,Jesmon X
x3a,Mega,1314,631,"CM 0-2, LV 8-10",00:00,Magnamon X
x3a,Mega,1313,631,"CM 0-2, LV 5-7",00:00,Dynasmon X
x3a,Mega,1095,631,"CM 0-2, LV 8-10",00:00,Examon X
x3a,Mega,855,631,"CM 0-2, LV 1-4",00:00,Sleipmon X
x3a,Mega,1095,1096,"CM 0-2, LV 8-10",00:00,Examon X; folded device-area term: 'Area 39 cleared'
x3a,Mega,863,1096,"CM 0-2, LV 5-7",00:00,Jesmon X
x3a,Mega,1313,1291,"CM 0-2, LV 8-10",00:00,Dynasmon X; folded device-area term: 'Area 34 cleared'
x3a,Mega,863,437,"CM 0-2, LV 5-7 | CM 0-2, LV 8-10",00:00,Jesmon X; UNPARSED req term dropped: 'Area SP not cleared'
x3a,Mega,866,1031,"CM 0-2, LV 8-10",00:00,Gallantmon X; UNPARSED req term dropped: 'Special Random Encounter cleared'
x3a,Mega,868,1031,"CM 0-2, LV 1-7 | CM 0-2, LV 8-10",00:00,Crusadermon X; UNPARSED req term dropped: 'Special Random Encounter not cleared'
x3a,Mega,864,1031,"CM 0-2, LV 8-10",00:00,Omnimon X; UNPARSED req term dropped: 'Special Random Encounter cleared'
x3a,Mega,1236,1031,"CM 0-2, LV 1-7 | CM 0-2, LV 8-10",00:00,Duftmon X; UNPARSED req term dropped: 'Special Random Encounter not cleared'
x3a,Mega,1236,1247,"CM 0-2, LV 8-10",00:00,Duftmon X; folded device-area term: 'Area 35 cleared'
x3a,Mega,868,859,"CM 0-2, LV 8-10",00:00,Crusadermon X; UNPARSED req term dropped: 'Special Random Encounter cleared'
x3a,Mega,330,855;859,"CM 0-2, LV 5-7 | CM 0-2, LV 8-10",00:00,Alphamon; UNPARSED req term dropped: 'Special Random Encounter not cleared'
x3a,Mega,330,863,"CM 0-2, LV 10",00:00,Alphamon
x3a,Mega,867,855,"CM 0-2, LV 8-10",00:00,Minervamon X; UNPARSED req term dropped: 'Special Random Encounter cleared'
x3a,Mega,1239,1237,JOGRESS 863,00:00,Jesmon GX; Connection Battle gate -> jogress door
x3a,Rookie,41,971,TIME,21:00,Dorumon; catch-all road (device roads lost to roster prune fold here)
x3b,Fresh,1621,egg,TIME,20:00,Cocomon (dmx egg_x3)
x3b,InTraining,973,1621,TIME,21:00,Chocomon
x3b,Rookie,406,973,"CM 0, TR 16+ | CM 1, TR 16+",21:00,Ryudamon; folded device-area term: 'Area 45 not cleared'
x3b,Rookie,1065,973,"CM 0, TR 0-15 | CM 1, TR 0-15",21:00,Lopmon X; folded device-area term: 'Area 45 not cleared'
x3b,Champion,415,406,"CM 0-1, TR 12+",22:00,Ginryumon
x3b,Champion,1028,406,"CM 2+, TR 12+",22:00,Wizarmon X; folded device-area term: 'Area 12 cleared'
x3b,Champion,1027,1065,"CM 0-2, TR 0-15",22:00,Gatomon X
x3b,Champion,1028,1065,"CM 3+, TR 16+",22:00,Wizarmon X; folded device-area term: 'Area 12 cleared'
x3b,Champion,415,1065,"CM 3+, TR 0-15",22:00,Ginryumon
x3b,Ultimate,988,1027,"CM 2+, LV 1-6",23:00,Mamemon X
x3b,Ultimate,988,1028,"CM 3+, LV 1-6, KO6 0",23:00,Mamemon X
x3b,Ultimate,1226,1028,"CM 0-2, LV 4-6",23:00,RizeGreymon X; folded device-area term: 'Area 18 cleared'
x3b,Ultimate,1019,1028,"CM 3+, LV 6, KO6 1+",23:00,Monzaemon X
x3b,Ultimate,426,415,"CM 0-2, LV 4-6",23:00,Hisyaryumon
x3b,Ultimate,420,415,"CM 0-2, LV 1-3",23:00,Grademon
x3b,Ultimate,988,415,"CM 3+, LV 1-4",23:00,Mamemon X
x3b,Ultimate,1224,1027,"CM 0-1, LV 3-6",23:00,Angewomon X; folded device-area term: 'Area 23 cleared'
x3b,Ultimate,420,1027,"CM 0-1, LV 1-2",23:00,Grademon
x3b,Mega,1316,1224,"CM 3, LV 5-7",00:00,Ebemon X
x3b,Mega,1359,988,"CM 0-1, LV 6-8",00:00,Justimon X; folded device-area term: 'Area 29 cleared'
x3b,Mega,914,988,"CM 2-3, LV 8, KO6 5+",00:00,Hexeblaumon; folded device-area term: 'Area 45 cleared'
x3b,Mega,631,988,"CM 0-1, LV 6-8",00:00,Metallicdramon; folded device-area term: 'Area 45 cleared'
x3b,Mega,1096,988,"CM 2-3, LV 8, KO6 5+",00:00,Goldramon X; folded device-area term: 'Area 31 cleared'
x3b,Mega,1290,988,"CM 0-1, LV 1-5 | CM 0-1, LV 8",00:00,Magnadramon X; folded device-area term: 'Area 29 (Yellow) / 45 (Blue) not cleared'
x3b,Mega,1020,988,"CM 2-3, LV 8, KO6 0-4",00:00,Dinotigermon
x3b,Mega,1316,420;988,"CM 2-3, LV 5-7",00:00,Ebemon X
x3b,Mega,1020,1019,"CM 0-2, LV 1-5",00:00,Dinotigermon
x3b,Mega,330,420,"CM 0-1, LV 6-8",00:00,Alphamon
x3b,Mega,1359,420,"CM 0-1, LV 4-5",00:00,Justimon X; folded device-area term: 'Area 29 Cleared'
x3b,Mega,1096,420,"CM 0-1, LV 6-8",00:00,Goldramon X; folded device-area term: 'Area 31 cleared'
x3b,Mega,437,420,"CM 0-1, LV 4-5",00:00,Ouryumon
x3b,Mega,1031,420,"CM 2-3, LV 8, KO6 5+",00:00,NoblePumpmon; folded device-area term: 'Area 45 cleared'
x3b,Mega,1290,1226,"CM 0-2, LV 1-4",00:00,Magnadramon X
x3b,Mega,1316,1226,"CM 3, LV 1-4",00:00,Ebemon X
x3b,Mega,1238,1019,"CM 0-2, LV 8",00:00,Cherubimon X; folded device-area term: 'Area 30 cleared'
x3b,Mega,1290,1019,"CM 0-2, LV 6-7",00:00,Magnadramon X
x3b,Mega,1316,1019,"CM 3, LV 1-7 | CM 3, LV 8, KO6 0-2",00:00,Ebemon X
x3b,Mega,1096,1226,"CM 0-2, LV 7-8",00:00,Goldramon X; folded device-area term: 'Area 31 cleared'
x3b,Mega,437,1226,"CM 0-2, LV 5-6",00:00,Ouryumon
x3b,Mega,437,426,"CM 0-2, LV 7-8",00:00,Ouryumon
x3b,Mega,1290,426,"CM 3, LV 5-7",00:00,Magnadramon X
x3b,Mega,1247,1224,"CM 0-2, LV 7-8",00:00,Ophanimon X; folded device-area term: 'Area 28 cleared'
x3b,Mega,1020,1224,"CM 0-2, LV 1-4 | CM 3, LV 8, KO6 0-2",00:00,Dinotigermon
x3b,Mega,1290,1224,"CM 0-2, LV 5-6 | CM 3, LV 8, KO6 3+",00:00,Magnadramon X
x3b,Mega,1314,1290,"CM 0-2, LV 10",00:00,Magnamon X; folded device-area term: 'Area 36 cleared'
x3b,Mega,868,1020,"CM 0-2, LV 8-10",00:00,Crusadermon X
x3b,Mega,859,1020,"CM 0-2, LV 5-7",00:00,Craniumon X
x3b,Mega,863,1020,"CM 0-2, LV 8-10",00:00,Jesmon X
x3b,Mega,855,1020;1238;1247,"CM 0-2, LV 5-7",00:00,Sleipmon X
x3b,Mega,1237,1316,"CM 0-2, LV 10",00:00,Gankoomon X; folded device-area term: 'Area 40 cleared'
x3b,Mega,1095,1316,"CM 0-2, LV 10",00:00,Examon X; folded device-area term: 'Area 39 cleared'
x3b,Mega,1237,1359,"CM 0-2, LV 8-10",00:00,Gankoomon X; folded device-area term: 'Area 40 cleared'
x3b,Mega,868,1359,"CM 0-2, LV 5-7",00:00,Crusadermon X
x3b,Mega,1237,914,"CM 0-2, LV 8-10",00:00,Gankoomon X
x3b,Mega,1314,914,"CM 0-2, LV 5-7",00:00,Magnamon X
x3b,Mega,859,631;914,"CM 0-2, LV 1-4",00:00,Craniumon X
x3b,Mega,1236,914,"CM 0-2, LV 5-7",00:00,Duftmon X
x3b,Mega,863,914,"CM 0-2, LV 1-4",00:00,Jesmon X
x3b,Mega,1314,631,"CM 0-2, LV 8-10",00:00,Magnamon X
x3b,Mega,1313,631,"CM 0-2, LV 5-7",00:00,Dynasmon X
x3b,Mega,1095,631,"CM 0-2, LV 8-10",00:00,Examon X
x3b,Mega,855,631,"CM 0-2, LV 1-4",00:00,Sleipmon X
x3b,Mega,1095,1096,"CM 0-2, LV 8-10",00:00,Examon X; folded device-area term: 'Area 39 cleared'
x3b,Mega,863,1096,"CM 0-2, LV 5-7",00:00,Jesmon X
x3b,Mega,863,437,"CM 0-2, LV 5-7 | CM 0-2, LV 8-10",00:00,Jesmon X; UNPARSED req term dropped: 'Area SP not cleared'
x3b,Mega,866,1031,"CM 0-2, LV 8-10",00:00,Gallantmon X; UNPARSED req term dropped: 'Special Random Encounter cleared'
x3b,Mega,868,1031,"CM 0-2, LV 1-7 | CM 0-2, LV 8-10",00:00,Crusadermon X; UNPARSED req term dropped: 'Special Random Encounter not cleared'
x3b,Mega,864,1031,"CM 0-2, LV 8-10",00:00,Omnimon X; UNPARSED req term dropped: 'Special Random Encounter cleared'
x3b,Mega,1236,1031,"CM 0-2, LV 1-7 | CM 0-2, LV 8-10",00:00,Duftmon X; UNPARSED req term dropped: 'Special Random Encounter not cleared'
x3b,Mega,1236,1247,"CM 0-2, LV 8-10",00:00,Duftmon X; folded device-area term: 'Area 35 cleared'
x3b,Mega,868,859,"CM 0-2, LV 8-10",00:00,Crusadermon X; UNPARSED req term dropped: 'Special Random Encounter cleared'
x3b,Mega,330,855;859,"CM 0-2, LV 5-7 | CM 0-2, LV 8-10",00:00,Alphamon; UNPARSED req term dropped: 'Special Random Encounter not cleared'
x3b,Mega,330,863,"CM 0-2, LV 10",00:00,Alphamon
x3b,Mega,867,855,"CM 0-2, LV 8-10",00:00,Minervamon X; UNPARSED req term dropped: 'Special Random Encounter cleared'
x3b,Mega,1239,1237,JOGRESS 863,00:00,Jesmon GX; Connection Battle gate -> jogress door
x3b,Rookie,406,973,TIME,21:00,Ryudamon; catch-all road (device roads lost to roster prune fold here)
x3b,Champion,415,406,TIME,22:00,Ginryumon; catch-all road (device roads lost to roster prune fold here)
x3b,Champion,1027,1065,TIME,22:00,Gatomon X; catch-all road (device roads lost to roster prune fold here)
kera,Fresh,1622,egg,TIME,20:00,Kuramon (dmx egg_kera)
kera,InTraining,383,1622,TIME,00:00,Tsumemon
kera,Rookie,1029,383,TIME,00:00,Keramon X
kera,Mega,865,1029,TIME,00:00,Diaboromon X
